{"train/loss": 0.6028, "train/learning_rate": 9.519306918015247e-06, "train/epoch": 2.15, "train/global_step": 33300, "_timestamp": 1695745120.787276, "_runtime": 28678.879645109177, "_step": 1273, "progress_percent": 286.6735537190082, "eval/loss": 0.5339858531951904, "eval/runtime": 440.9262, "eval/samples_per_second": 35.131, "eval/steps_per_second": 2.198, "train/train_runtime": 11599.9173, "train/train_samples_per_second": 8.012, "train/train_steps_per_second": 2.003, "train/total_flos": 6.285814709851344e+19, "train/train_loss": 0.8211039726827025}