{"train/loss": 0.5187, "train/learning_rate": 1.0217286411420668e-06, "train/epoch": 2.73, "train/global_step": 42300, "_timestamp": 1695748944.5704942, "_runtime": 32502.662863254547, "_step": 1457, "progress_percent": 364.1528925619835, "eval/loss": 0.5082830190658569, "eval/runtime": 441.5108, "eval/samples_per_second": 35.084, "eval/steps_per_second": 2.195, "train/train_runtime": 11599.9173, "train/train_samples_per_second": 8.012, "train/train_steps_per_second": 2.003, "train/total_flos": 6.285814709851344e+19, "train/train_loss": 0.8211039726827025}